id,name,mobileNumber
10592,김민준,010-1829-1934
10231,이서연,010-1382-1029
10943,박지훈,010-1938-5710
10112,최수진,010-1492-3812
10674,정우성,010-1029-4857
10382,강하늘,010-1829-1923
10491,조은지,010-1847-2910
10832,윤재호,010-1283-4712
10283,장미란,010-1928-3746
10745,임성민,010-1859-2019
10561,한지우,010-1928-3712
10923,오동현,010-1839-4810
11045,서예은,010-1948-5729
11293,신민재,010-1482-1039
11384,권유진,010-1923-8475
11457,황보라,010-1829-3019
11592,송태양,010-1938-4710
11634,전정국,010-1859-2910
11892,홍길동,010-1948-1029
11945,김철수,010-1829-1938
12034,박민서,010-1283-4756
12156,이도현,010-1928-3745
12278,최예준,010-1859-2039
12390,정시우,010-1928-3746
12412,강하준,010-1839-4857
12534,조지호,010-1948-5769
12656,윤지후,010-1482-1049
12778,장준우,010-1923-8456
12890,임서윤,010-1829-3049
12912,한지유,010-1938-4750
13034,오윤서,010-1859-2930
13156,서채원,010-1948-1059
13278,신영희,010-1829-1948
13390,권영수,010-1283-4760
13412,황민재,010-1928-3759
13534,안소희,010-1859-2045
13656,송민기,010-1928-3750
13778,전현수,010-1839-4869
13890,홍수민,010-1948-5701
13912,김지현,010-1482-1052
14034,이준호,010-1923-8493
14156,박서영,010-1829-3051
14278,최우진,010-1938-4762
14390,정하윤,010-1859-2941
14412,강민수,010-1948-1063
14534,조현우,010-1829-1954
14656,윤서진,010-1283-4702
14778,장민호,010-1928-3765
14890,임수아,010-1859-2053
14912,한도윤,010-1928-3762
15034,오지원,010-1839-4871
15156,서유리,010-1948-5732
15278,신동진,010-1482-1065
15390,권혜진,010-1923-8402
15412,황성민,010-1829-3064
15534,안지영,010-1938-4792
15656,송준혁,010-1859-2953
15778,전미영,010-1948-1074
15890,홍상우,010-1829-1965
15912,김태희,010-1283-4731
16034,이진수,010-1928-3794
16156,박영민,010-1859-2067
16278,최지은,010-1928-3791
16390,정성호,010-1839-4892
16412,강수빈,010-1948-5793
16534,조민경,010-1482-1076
16656,윤호진,010-1923-8431
16778,장다은,010-1829-3072
16890,임재석,010-1938-4783
16912,한상현,010-1859-2964
17034,오혜림,010-1948-1085
17156,서종현,010-1829-1976
17278,신가영,010-1283-4782
17390,권민성,010-1928-3705
17412,황지수,010-1859-2076
17534,안태윤,010-1928-3784
17656,송보람,010-1839-4803
17778,전우성,010-1948-5784
17890,홍유나,010-1482-1087
17912,김동현,010-1923-8412
18034,이수현,010-1829-3085
18156,박재민,010-1938-4721
18278,최은영,010-1859-2975
18390,정민혁,010-1948-1096
18412,강지민,010-1829-1987
18534,조승우,010-1283-4795
18656,윤하은,010-1928-3714
18778,장도영,010-1859-2083
18890,임서영,010-1928-3705
18912,한준영,010-1839-4814
19034,오수민,010-1948-5715
19156,서동하,010-1482-1098
19278,신예진,010-1923-8423
19390,권혁수,010-1829-3096
19412,황민주,010-1938-4735
19534,안성훈,010-1859-2986
19656,송지혜,010-1948-1002
19778,전광수,010-1829-1993
19890,홍미진,010-1283-4742
19912,김영철,010-1928-3725
10592,김민준,010-1829-1934
10231,이서연,010-1382-1029
10943,박지훈,010-1938-5710
10112,최수진,010-1492-3812
10674,정우성,010-1029-4857
10382,강하늘,010-1829-1923
10491,조은지,010-1847-2910
10832,윤재호,010-1283-4712
10283,장미란,010-1928-3746
10745,임성민,010-1859-2019
10561,한지우,010-1928-3712
10923,오동현,010-1839-4810
11045,서예은,010-1948-5729
11293,신민재,010-1482-1039
11384,권유진,010-1923-8475
11457,황보라,010-1829-3019
11592,송태양,010-1938-4710
11634,전정국,010-1859-2910
11892,홍길동,010-1948-1029
11945,김철수,010-1829-1938
12034,박민서,010-1283-4756
12156,이도현,010-1928-3745
12278,최예준,010-1859-2039
12390,정시우,010-1928-3746
12412,강하준,010-1839-4857
12534,조지호,010-1948-5769
12656,윤지후,010-1482-1049
12778,장준우,010-1923-8456
12890,임서윤,010-1829-3049
12912,한지유,010-1938-4750
13034,오윤서,010-1859-2930
13156,서채원,010-1948-1059
13278,신영희,010-1829-1948
13390,권영수,010-1283-4760
13412,황민재,010-1928-3759
13534,안소희,010-1859-2045
13656,송민기,010-1928-3750
13778,전현수,010-1839-4869
13890,홍수민,010-1948-5701
13912,김지현,010-1482-1052
14034,이준호,010-1923-8493
14156,박서영,010-1829-3051
14278,최우진,010-1938-4762
14390,정하윤,010-1859-2941
14412,강민수,010-1948-1063
14534,조현우,010-1829-1954
14656,윤서진,010-1283-4702
14778,장민호,010-1928-3765
14890,임수아,010-1859-2053
14912,한도윤,010-1928-3762
15034,오지원,010-1839-4871
15156,서유리,010-1948-5732
15278,신동진,010-1482-1065
15390,권혜진,010-1923-8402
15412,황성민,010-1829-3064
15534,안지영,010-1938-4792
15656,송준혁,010-1859-2953
15778,전미영,010-1948-1074
15890,홍상우,010-1829-1965
15912,김태희,010-1283-4731
16034,이진수,010-1928-3794
16156,박영민,010-1859-2067
16278,최지은,010-1928-3791
16390,정성호,010-1839-4892
16412,강수빈,010-1948-5793
16534,조민경,010-1482-1076
16656,윤호진,010-1923-8431
16778,장다은,010-1829-3072
16890,임재석,010-1938-4783
16912,한상현,010-1859-2964
17034,오혜림,010-1948-1085
17156,서종현,010-1829-1976
17278,신가영,010-1283-4782
17390,권민성,010-1928-3705
17412,황지수,010-1859-2076
17534,안태윤,010-1928-3784
17656,송보람,010-1839-4803
17778,전우성,010-1948-5784
17890,홍유나,010-1482-1087
17912,김동현,010-1923-8412
18034,이수현,010-1829-3085
18156,박재민,010-1938-4721
18278,최은영,010-1859-2975
18390,정민혁,010-1948-1096
18412,강지민,010-1829-1987
18534,조승우,010-1283-4795
18656,윤하은,010-1928-3714
18778,장도영,010-1859-2083
18890,임서영,010-1928-3705
18912,한준영,010-1839-4814
19034,오수민,010-1948-5715
19156,서동하,010-1482-1098
19278,신예진,010-1923-8423
19390,권혁수,010-1829-3096
19412,황민주,010-1938-4735
19534,안성훈,010-1859-2986
19656,송지혜,010-1948-1002
19778,전광수,010-1829-1993
19890,홍미진,010-1283-4742
19912,김영철,010-1928-3725
10592,김민준,010-1829-1934
10231,이서연,010-1382-1029
10943,박지훈,010-1938-5710
10112,최수진,010-1492-3812
10674,정우성,010-1029-4857
10382,강하늘,010-1829-1923
10491,조은지,010-1847-2910
10832,윤재호,010-1283-4712
10283,장미란,010-1928-3746
10745,임성민,010-1859-2019
10561,한지우,010-1928-3712
10923,오동현,010-1839-4810
11045,서예은,010-1948-5729
11293,신민재,010-1482-1039
11384,권유진,010-1923-8475
11457,황보라,010-1829-3019
11592,송태양,010-1938-4710
11634,전정국,010-1859-2910
11892,홍길동,010-1948-1029
11945,김철수,010-1829-1938
12034,박민서,010-1283-4756
12156,이도현,010-1928-3745
12278,최예준,010-1859-2039
12390,정시우,010-1928-3746
12412,강하준,010-1839-4857
12534,조지호,010-1948-5769
12656,윤지후,010-1482-1049
12778,장준우,010-1923-8456
12890,임서윤,010-1829-3049
12912,한지유,010-1938-4750
13034,오윤서,010-1859-2930
13156,서채원,010-1948-1059
13278,신영희,010-1829-1948
13390,권영수,010-1283-4760
13412,황민재,010-1928-3759
13534,안소희,010-1859-2045
13656,송민기,010-1928-3750
13778,전현수,010-1839-4869
13890,홍수민,010-1948-5701
13912,김지현,010-1482-1052
14034,이준호,010-1923-8493
14156,박서영,010-1829-3051
14278,최우진,010-1938-4762
14390,정하윤,010-1859-2941
14412,강민수,010-1948-1063
14534,조현우,010-1829-1954
14656,윤서진,010-1283-4702
14778,장민호,010-1928-3765
14890,임수아,010-1859-2053
14912,한도윤,010-1928-3762
15034,오지원,010-1839-4871
15156,서유리,010-1948-5732
15278,신동진,010-1482-1065
15390,권혜진,010-1923-8402
15412,황성민,010-1829-3064
15534,안지영,010-1938-4792
15656,송준혁,010-1859-2953
15778,전미영,010-1948-1074
15890,홍상우,010-1829-1965
15912,김태희,010-1283-4731
16034,이진수,010-1928-3794
16156,박영민,010-1859-2067
16278,최지은,010-1928-3791
16390,정성호,010-1839-4892
16412,강수빈,010-1948-5793
16534,조민경,010-1482-1076
16656,윤호진,010-1923-8431
16778,장다은,010-1829-3072
16890,임재석,010-1938-4783
16912,한상현,010-1859-2964
17034,오혜림,010-1948-1085
17156,서종현,010-1829-1976
17278,신가영,010-1283-4782
17390,권민성,010-1928-3705
17412,황지수,010-1859-2076
17534,안태윤,010-1928-3784
17656,송보람,010-1839-4803
17778,전우성,010-1948-5784
17890,홍유나,010-1482-1087
17912,김동현,010-1923-8412
18034,이수현,010-1829-3085
18156,박재민,010-1938-4721
18278,최은영,010-1859-2975
18390,정민혁,010-1948-1096
18412,강지민,010-1829-1987
18534,조승우,010-1283-4795
18656,윤하은,010-1928-3714
18778,장도영,010-1859-2083
18890,임서영,010-1928-3705
18912,한준영,010-1839-4814
19034,오수민,010-1948-5715
19156,서동하,010-1482-1098
19278,신예진,010-1923-8423
19390,권혁수,010-1829-3096
19412,황민주,010-1938-4735
19534,안성훈,010-1859-2986
19656,송지혜,010-1948-1002
19778,전광수,010-1829-1993
19890,홍미진,010-1283-4742
19912,김영철,010-1928-3725